<?xml version="1.0" encoding="UTF-8"?>
<rss xmlns:npr="http://www.npr.org/rss/" xmlns:nprml="http://api.npr.org/nprml" xmlns:itunes="http://www.itunes.com/dtds/podcast-1.0.dtd" xmlns:content="http://purl.org/rss/1.0/modules/content/" version="2.0">
  <channel>
    <title>World</title>
    <link>http://www.npr.org/templates/story/story.php?storyId=1004&amp;ft=1&amp;f=1004</link>
    <description>NPR world news, international art and culture, world business and financial markets, world economy, and global trends in health, science and technology. Subscribe to the World Story of the Day podcast and RSS feed.</description>
    <language>en</language>
    <copyright>Copyright 2013 NPR - For Personal Use Only</copyright>
    <generator>NPR API RSS Generator 0.94</generator>
    <lastBuildDate>Sat, 21 Sep 2013 16:36:00 -0400</lastBuildDate>
    <image>
      <url>http://media.npr.org/images/npr_news_123x20.gif</url>
      <title>World</title>
      <link>http://www.npr.org/templates/story/story.php?storyId=1004&amp;ft=1&amp;f=1004</link>
    </image>
    <item>
      <title>The U.S. Has More Guns, But Russia Has More Murders</title>
      <description>A prominent Russian lawmaker mocked the U.S. during the mass shooting in Washington this week. But statistics show that Russia has more killings each year than the U.S. despite a much smaller population.</description>
      <pubDate>Sat, 21 Sep 2013 16:36:00 -0400</pubDate>
      <link>http://www.npr.org/blogs/parallels/2013/09/19/224043848/the-u-s-has-more-guns-but-russia-has-more-murders?ft=1&amp;f=1004</link>
      <guid>http://www.npr.org/blogs/parallels/2013/09/19/224043848/the-u-s-has-more-guns-but-russia-has-more-murders?ft=1&amp;f=1004</guid>
      <content:encoded><![CDATA[<p>A prominent Russian lawmaker mocked the U.S. during the mass shooting in Washington this week. But statistics show that Russia has more killings each year than the U.S. despite a much smaller population.</p><p><a href="http://www.npr.org/templates/email/emailAFriend.php?storyId=224043848">&raquo; E-Mail This</a>&nbsp;&nbsp;&nbsp;&nbsp; <a href="http://del.icio.us/post?url=http%3A%2F%2Fwww.npr.org%2Ftemplates%2Fstory%2Fstory.php%3FstoryId%3D224043848">&raquo; Add to Del.icio.us</a></p>]]></content:encoded>
    </item>
    <item>
      <title>An Introduction To What's New And What's Next</title>
      <description>The online magazine &lt;em&gt;Ozy&lt;/em&gt; launched Monday, offering readers a streamlined site with original reporting and a look at trends on the horizon. Co-founder Carlos Watson talks about his vision for the site.</description>
      <pubDate>Sat, 21 Sep 2013 17:03:29 -0400</pubDate>
      <link>http://www.npr.org/2013/09/21/224569646/an-introduction-to-whats-new-and-whats-next?ft=1&amp;f=1004</link>
      <guid>http://www.npr.org/2013/09/21/224569646/an-introduction-to-whats-new-and-whats-next?ft=1&amp;f=1004</guid>
      <content:encoded><![CDATA[<p>The online magazine <em>Ozy</em> launched Monday, offering readers a streamlined site with original reporting and a look at trends on the horizon. Co-founder Carlos Watson talks about his vision for the site.</p><p><a href="http://www.npr.org/templates/email/emailAFriend.php?storyId=224569646">&raquo; E-Mail This</a>&nbsp;&nbsp;&nbsp;&nbsp; <a href="http://del.icio.us/post?url=http%3A%2F%2Fwww.npr.org%2Ftemplates%2Fstory%2Fstory.php%3FstoryId%3D224569646">&raquo; Add to Del.icio.us</a></p>]]></content:encoded>
    </item>
    <item>
      <title>Attack In Nairobi Turns Mall Into A Battlefield</title>
      <description>Gunmen attacked an upscale Mall in Nairobi Saturday, killing at least 30, according to the Red Cross. Kenyan forces have been fighting the gunmen who remain in the mall.</description>
      <pubDate>Sat, 21 Sep 2013 15:00:00 -0400</pubDate>
      <link>http://www.npr.org/templates/story/story.php?storyId=224841774&amp;ft=1&amp;f=1004</link>
      <guid>http://www.npr.org/templates/story/story.php?storyId=224841774&amp;ft=1&amp;f=1004</guid>
      <content:encoded><![CDATA[<p>Gunmen attacked an upscale Mall in Nairobi Saturday, killing at least 30, according to the Red Cross. Kenyan forces have been fighting the gunmen who remain in the mall.</p><p><a href="http://www.npr.org/templates/email/emailAFriend.php?storyId=224841774">&raquo; E-Mail This</a>&nbsp;&nbsp;&nbsp;&nbsp; <a href="http://del.icio.us/post?url=http%3A%2F%2Fwww.npr.org%2Ftemplates%2Fstory%2Fstory.php%3FstoryId%3D224841774">&raquo; Add to Del.icio.us</a></p>]]></content:encoded>
    </item>
    <item>
      <title>North Korea Cancels Plans For Cross-Border Family Reunions</title>
      <description>A chance for families in South and North Korea to meet long-lost relatives has been put off, as North Korea canceled reunions that were to take place in the coming week. A South Korean official called the decision "inhumane" Saturday.</description>
      <pubDate>Sat, 21 Sep 2013 13:24:00 -0400</pubDate>
      <link>http://www.npr.org/blogs/thetwo-way/2013/09/21/224789799/north-korea-cancels-plans-for-cross-border-family-reunions?ft=1&amp;f=1004</link>
      <guid>http://www.npr.org/blogs/thetwo-way/2013/09/21/224789799/north-korea-cancels-plans-for-cross-border-family-reunions?ft=1&amp;f=1004</guid>
      <content:encoded><![CDATA[<p>A chance for families in South and North Korea to meet long-lost relatives has been put off, as North Korea canceled reunions that were to take place in the coming week. A South Korean official called the decision "inhumane" Saturday.</p><p><a href="http://www.npr.org/templates/email/emailAFriend.php?storyId=224789799">&raquo; E-Mail This</a>&nbsp;&nbsp;&nbsp;&nbsp; <a href="http://del.icio.us/post?url=http%3A%2F%2Fwww.npr.org%2Ftemplates%2Fstory%2Fstory.php%3FstoryId%3D224789799">&raquo; Add to Del.icio.us</a></p>]]></content:encoded>
    </item>
    <item>
      <title>Bombings Kill Dozens Of Mourners At Baghdad Funeral</title>
      <description>In Sadr City, a bombing attack has killed dozens of people, with the death toll continuing to rise Saturday. Multiple reports are citing at least 65 deaths in the attack, one of several in Iraq today.</description>
      <pubDate>Sat, 21 Sep 2013 12:11:00 -0400</pubDate>
      <link>http://www.npr.org/blogs/thetwo-way/2013/09/21/224777393/suicide-car-bomb-kills-50-at-funeral-in-shiite-area-of-baghdad?ft=1&amp;f=1004</link>
      <guid>http://www.npr.org/blogs/thetwo-way/2013/09/21/224777393/suicide-car-bomb-kills-50-at-funeral-in-shiite-area-of-baghdad?ft=1&amp;f=1004</guid>
      <content:encoded><![CDATA[<p>In Sadr City, a bombing attack has killed dozens of people, with the death toll continuing to rise Saturday. Multiple reports are citing at least 65 deaths in the attack, one of several in Iraq today.</p><p><a href="http://www.npr.org/templates/email/emailAFriend.php?storyId=224777393">&raquo; E-Mail This</a>&nbsp;&nbsp;&nbsp;&nbsp; <a href="http://del.icio.us/post?url=http%3A%2F%2Fwww.npr.org%2Ftemplates%2Fstory%2Fstory.php%3FstoryId%3D224777393">&raquo; Add to Del.icio.us</a></p>]]></content:encoded>
    </item>
    <item>
      <title>Syria Meets Deadline On Chemical Weapons; Fighting Continues</title>
      <description>Syria has delivered data about its arsenal of chemical weapons, meeting a deadline set by the U.S. and Russia a week ago. But the country's civil war is continuing.</description>
      <pubDate>Sat, 21 Sep 2013 09:40:00 -0400</pubDate>
      <link>http://www.npr.org/blogs/thetwo-way/2013/09/21/224739020/syria-meets-deadline-on-chemical-weapons?ft=1&amp;f=1004</link>
      <guid>http://www.npr.org/blogs/thetwo-way/2013/09/21/224739020/syria-meets-deadline-on-chemical-weapons?ft=1&amp;f=1004</guid>
      <content:encoded><![CDATA[<p>Syria has delivered data about its arsenal of chemical weapons, meeting a deadline set by the U.S. and Russia a week ago. But the country's civil war is continuing.</p><p><a href="http://www.npr.org/templates/email/emailAFriend.php?storyId=224739020">&raquo; E-Mail This</a>&nbsp;&nbsp;&nbsp;&nbsp; <a href="http://del.icio.us/post?url=http%3A%2F%2Fwww.npr.org%2Ftemplates%2Fstory%2Fstory.php%3FstoryId%3D224739020">&raquo; Add to Del.icio.us</a></p>]]></content:encoded>
    </item>
    <item>
      <title>Gunmen Use Grenades In Deadly Attack At Upscale Nairobi Mall</title>
      <description>Shoppers at the upscale Westgate Mall came under assault by gunfire and grenades around lunch hour in Nairobi. At least 39 people have died, says Kenya's president, including members of his own family.</description>
      <pubDate>Sat, 21 Sep 2013 08:38:00 -0400</pubDate>
      <link>http://www.npr.org/blogs/thetwo-way/2013/09/21/224721637/attackers-use-grenades-and-gunfire-at-upscale-nairobi-mall?ft=1&amp;f=1004</link>
      <guid>http://www.npr.org/blogs/thetwo-way/2013/09/21/224721637/attackers-use-grenades-and-gunfire-at-upscale-nairobi-mall?ft=1&amp;f=1004</guid>
      <content:encoded><![CDATA[<p>Shoppers at the upscale Westgate Mall came under assault by gunfire and grenades around lunch hour in Nairobi. At least 39 people have died, says Kenya's president, including members of his own family.</p><p><a href="http://www.npr.org/templates/email/emailAFriend.php?storyId=224721637">&raquo; E-Mail This</a>&nbsp;&nbsp;&nbsp;&nbsp; <a href="http://del.icio.us/post?url=http%3A%2F%2Fwww.npr.org%2Ftemplates%2Fstory%2Fstory.php%3FstoryId%3D224721637">&raquo; Add to Del.icio.us</a></p>]]></content:encoded>
    </item>
    <item>
      <title>Syria Agreement Makes For Unstable Alliances</title>
      <description>As Syria turns over its "initial declaration" of chemical weapons, President Bashar Assad and Russian President Vladimir Putin have become partners with the U.S., argues Jeffrey Goldberg of &lt;em&gt;The Atlantic&lt;/em&gt;. Host Scott Simon talks to Goldberg about the foreign affairs strategy with Syria.</description>
      <pubDate>Sat, 21 Sep 2013 08:00:00 -0400</pubDate>
      <link>http://www.npr.org/templates/story/story.php?storyId=224715921&amp;ft=1&amp;f=1004</link>
      <guid>http://www.npr.org/templates/story/story.php?storyId=224715921&amp;ft=1&amp;f=1004</guid>
      <content:encoded><![CDATA[<p>As Syria turns over its "initial declaration" of chemical weapons, President Bashar Assad and Russian President Vladimir Putin have become partners with the U.S., argues Jeffrey Goldberg of <em>The Atlantic</em>. Host Scott Simon talks to Goldberg about the foreign affairs strategy with Syria.</p><p><a href="http://www.npr.org/templates/email/emailAFriend.php?storyId=224715921">&raquo; E-Mail This</a>&nbsp;&nbsp;&nbsp;&nbsp; <a href="http://del.icio.us/post?url=http%3A%2F%2Fwww.npr.org%2Ftemplates%2Fstory%2Fstory.php%3FstoryId%3D224715921">&raquo; Add to Del.icio.us</a></p>]]></content:encoded>
    </item>
    <item>
      <title>Germany, Lauded For Welcoming Gays, Lags In Granting Rights</title>
      <description>Germany's government has not legalized gay marriage or adoption, a position that could cost it votes in Sunday's election.</description>
      <pubDate>Sat, 21 Sep 2013 07:45:41 -0400</pubDate>
      <link>http://www.npr.org/templates/story/story.php?storyId=224723013&amp;ft=1&amp;f=1004</link>
      <guid>http://www.npr.org/templates/story/story.php?storyId=224723013&amp;ft=1&amp;f=1004</guid>
      <content:encoded><![CDATA[<p>Germany's government has not legalized gay marriage or adoption, a position that could cost it votes in Sunday's election.</p><p><a href="http://www.npr.org/templates/email/emailAFriend.php?storyId=224723013">&raquo; E-Mail This</a>&nbsp;&nbsp;&nbsp;&nbsp; <a href="http://del.icio.us/post?url=http%3A%2F%2Fwww.npr.org%2Ftemplates%2Fstory%2Fstory.php%3FstoryId%3D224723013">&raquo; Add to Del.icio.us</a></p>]]></content:encoded>
    </item>
    <item>
      <title>Gunmen Attack Upscale Nairobi Shopping Mall</title>
      <description>The police chief said officers are on the ground now engaging the attackers. He said the men were trying to rob a shop within the mall.</description>
      <pubDate>Sat, 21 Sep 2013 06:47:00 -0400</pubDate>
      <link>http://www.npr.org/2013/09/21/224709929/gunmen-attack-upscale-nairobi-shopping-mall?ft=1&amp;f=1004</link>
      <guid>http://www.npr.org/2013/09/21/224709929/gunmen-attack-upscale-nairobi-shopping-mall?ft=1&amp;f=1004</guid>
      <content:encoded><![CDATA[<p>The police chief said officers are on the ground now engaging the attackers. He said the men were trying to rob a shop within the mall.</p><p><a href="http://www.npr.org/templates/email/emailAFriend.php?storyId=224709929">&raquo; E-Mail This</a>&nbsp;&nbsp;&nbsp;&nbsp; <a href="http://del.icio.us/post?url=http%3A%2F%2Fwww.npr.org%2Ftemplates%2Fstory%2Fstory.php%3FstoryId%3D224709929">&raquo; Add to Del.icio.us</a></p>]]></content:encoded>
    </item>
    <item>
      <title>The Effects Of The Snowden Leaks Aren't What He Intended</title>
      <description>Critics of the NSA's secret surveillance hoped the debate that followed Edward Snowden's leaks would prompt the NSA to rethink the operation. Instead, one of the most noticeable effects so far has been a diversion of resources away from intelligence missions toward assessing damage from the leaks.</description>
      <pubDate>Fri, 20 Sep 2013 16:34:00 -0400</pubDate>
      <link>http://www.npr.org/2013/09/20/224423159/the-effects-of-the-snowden-leaks-arent-what-he-intended?ft=1&amp;f=1004</link>
      <guid>http://www.npr.org/2013/09/20/224423159/the-effects-of-the-snowden-leaks-arent-what-he-intended?ft=1&amp;f=1004</guid>
      <content:encoded><![CDATA[<p>Critics of the NSA's secret surveillance hoped the debate that followed Edward Snowden's leaks would prompt the NSA to rethink the operation. Instead, one of the most noticeable effects so far has been a diversion of resources away from intelligence missions toward assessing damage from the leaks.</p><p><a href="http://www.npr.org/templates/email/emailAFriend.php?storyId=224423159">&raquo; E-Mail This</a>&nbsp;&nbsp;&nbsp;&nbsp; <a href="http://del.icio.us/post?url=http%3A%2F%2Fwww.npr.org%2Ftemplates%2Fstory%2Fstory.php%3FstoryId%3D224423159">&raquo; Add to Del.icio.us</a></p>]]></content:encoded>
    </item>
    <item>
      <title>All Across Brazil, The Art Scene Is Shifting</title>
      <description>Not only are Brazilian artists now getting big play in major museums around the world, but something new is happening inside Brazil: There's a burgeoning appetite for art.</description>
      <pubDate>Fri, 20 Sep 2013 16:15:00 -0400</pubDate>
      <link>http://www.npr.org/2013/09/20/224490054/all-across-brazil-the-art-scene-is-shifting?ft=1&amp;f=1004</link>
      <guid>http://www.npr.org/2013/09/20/224490054/all-across-brazil-the-art-scene-is-shifting?ft=1&amp;f=1004</guid>
      <content:encoded><![CDATA[<p>Not only are Brazilian artists now getting big play in major museums around the world, but something new is happening inside Brazil: There's a burgeoning appetite for art.</p><p><a href="http://www.npr.org/templates/email/emailAFriend.php?storyId=224490054">&raquo; E-Mail This</a>&nbsp;&nbsp;&nbsp;&nbsp; <a href="http://del.icio.us/post?url=http%3A%2F%2Fwww.npr.org%2Ftemplates%2Fstory%2Fstory.php%3FstoryId%3D224490054">&raquo; Add to Del.icio.us</a></p>]]></content:encoded>
    </item>
    <item>
      <title>Will The U.S. Grant A Visa To Sudan's Indicted Leader?</title>
      <description>The U.S. is supposed to allow everyone to come to the annual United Nations General Assembly, which opens next week. But Washington has yet to rule on the visa application by Omar al-Bashir, the Sudanese president who's been indicted on genocide charges by the International Criminal Court.</description>
      <pubDate>Fri, 20 Sep 2013 14:25:00 -0400</pubDate>
      <link>http://www.npr.org/blogs/parallels/2013/09/20/224461843/will-the-u-s-grant-a-visa-to-sudans-indicted-leader?ft=1&amp;f=1004</link>
      <guid>http://www.npr.org/blogs/parallels/2013/09/20/224461843/will-the-u-s-grant-a-visa-to-sudans-indicted-leader?ft=1&amp;f=1004</guid>
      <content:encoded><![CDATA[<p>The U.S. is supposed to allow everyone to come to the annual United Nations General Assembly, which opens next week. But Washington has yet to rule on the visa application by Omar al-Bashir, the Sudanese president who's been indicted on genocide charges by the International Criminal Court.</p><p><a href="http://www.npr.org/templates/email/emailAFriend.php?storyId=224461843">&raquo; E-Mail This</a>&nbsp;&nbsp;&nbsp;&nbsp; <a href="http://del.icio.us/post?url=http%3A%2F%2Fwww.npr.org%2Ftemplates%2Fstory%2Fstory.php%3FstoryId%3D224461843">&raquo; Add to Del.icio.us</a></p>]]></content:encoded>
    </item>
    <item>
      <title>Powerful Typhoon Has Hong Kong In Its Sights</title>
      <description>The storm, which packed winds of 150 mph on Friday, is expected to weaken before it hits the Chinese territory.</description>
      <pubDate>Fri, 20 Sep 2013 12:33:00 -0400</pubDate>
      <link>http://www.npr.org/blogs/thetwo-way/2013/09/20/224443308/powerful-typhoon-has-hong-kong-in-its-sights?ft=1&amp;f=1004</link>
      <guid>http://www.npr.org/blogs/thetwo-way/2013/09/20/224443308/powerful-typhoon-has-hong-kong-in-its-sights?ft=1&amp;f=1004</guid>
      <content:encoded><![CDATA[<p>The storm, which packed winds of 150 mph on Friday, is expected to weaken before it hits the Chinese territory.</p><p><a href="http://www.npr.org/templates/email/emailAFriend.php?storyId=224443308">&raquo; E-Mail This</a>&nbsp;&nbsp;&nbsp;&nbsp; <a href="http://del.icio.us/post?url=http%3A%2F%2Fwww.npr.org%2Ftemplates%2Fstory%2Fstory.php%3FstoryId%3D224443308">&raquo; Add to Del.icio.us</a></p>]]></content:encoded>
    </item>
    <item>
      <title>In First Step, Syria Outlines Chemical Weapons Program</title>
      <description>An international watchdog based in the Netherlands says it has received an "initial declaration" of chemical weapons from Damascus.</description>
      <pubDate>Fri, 20 Sep 2013 10:48:00 -0400</pubDate>
      <link>http://www.npr.org/blogs/thetwo-way/2013/09/20/224416536/in-first-step-syria-outlines-extent-of-its-chemical-weapons?ft=1&amp;f=1004</link>
      <guid>http://www.npr.org/blogs/thetwo-way/2013/09/20/224416536/in-first-step-syria-outlines-extent-of-its-chemical-weapons?ft=1&amp;f=1004</guid>
      <content:encoded><![CDATA[<p>An international watchdog based in the Netherlands says it has received an "initial declaration" of chemical weapons from Damascus.</p><p><a href="http://www.npr.org/templates/email/emailAFriend.php?storyId=224416536">&raquo; E-Mail This</a>&nbsp;&nbsp;&nbsp;&nbsp; <a href="http://del.icio.us/post?url=http%3A%2F%2Fwww.npr.org%2Ftemplates%2Fstory%2Fstory.php%3FstoryId%3D224416536">&raquo; Add to Del.icio.us</a></p>]]></content:encoded>
    </item>
  </channel>
</rss>
